{
  "lru_write": {
    "ops": 1000,
    "elapsed_s": 0.005135799990966916,
    "ops_per_s": 194711.6324153679
  },
  "lru_read": {
    "ops": 1000,
    "elapsed_s": 0.002950900001451373,
    "ops_per_s": 338879.6636646986,
    "p50_ms": 0.001300009898841381,
    "p99_ms": 0.025399960577487946
  },
  "queue_enqueue": {
    "ops": 1000,
    "elapsed_s": 0.014099700027145445,
    "ops_per_s": 70923.49468958561
  },
  "queue_dequeue": {
    "ops": 1000,
    "elapsed_s": 0.0009534999262541533,
    "ops_per_s": 1048767.7790689752,
    "p99_ms": 0.00200001522898674
  },
  "raft_append": {
    "ops": 1000,
    "elapsed_s": 0.0045294000301510096,
    "ops_per_s": 220779.7927635595
  }
}